{
    "ownerId": "1240970500600238112",
    "channels": {
        "channelLogsPrivId": "1258128284869201981",
        "channelLogsPublicId": "1258128236882432101",
        "categoryCartsId": "1258128356856041526"
    },
    "roles": {
        "roleCustomerId": "1257968559045214229"
    },
    "images": {
        "bannerUrl": "none",
        "thumbUrl": "none"
    },
    "embeds": {
        "color": "#000000"
    },
    "payments": {
        "mpAcessToken": "APP_USR-3849110695994773-010401-89d79b2fcf0a091ddab81935b624a40b-1506808814",
        "paymentsOptions": {
            "pix": true,
            "balance": true,
            "site": true,
            "semiAuto": false
        }
    },
    "balance": {
        "bonusDeposit": 0,
        "minimumDeposit": 0
    },
    "semiAuto": {
        "pix": {
            "key": "none",
            "keyType": "none"
        },
        "qrCode": "none"
    },
    "termsPurchase": "**Termos:**\n\n**Pronta entrega;**\nA maioria dos nossos produtos são entregues na mesma hora, porém fique ciente teremos o prazo de 72 horas para a entrega ser feita.\n\n**Entrega do produto;**\nNão entregamos o produto antes do pagamento, somente após.\n\n**Garantia;**\nAntes de comprar, verifique se o produto tem garantia, pois não faremos a devolução do mesmo se cair, então por favor, fique ciente.\n\n**Reembolso;**\n\n・**Não entrega** dentro do prazo: Se o produto não for entregue dentro do prazo de 72 horas após a compra, o cliente tem direito a um reembolso total do valor pago.\n\n・**Produto indisponível**: Caso o produto esteja indisponível após a compra ser confirmada, o cliente terá direito a um reembolso total do valor pago.\n\n・**Garantia não cumprida**: Se o produto adquirido estiver dentro do período de garantia e não estiver funcionando conforme especificado, o cliente pode solicitar um reembolso ou uma troca, conforme as políticas de garantia aplicáveis.\n\n**Ao prosseguir com a compra, o cliente estará concordando com estes termos de reembolso. Para mais informações ou para solicitar um reembolso, entre em contato com nosso serviço de atendimento ao cliente.**\n\n**Agradecemos pela compreensão e estamos à disposição para quaisquer dúvidas ou preocupações que possa ter. :hugging: **",
    "newSales": true
}